-0.8808063821404883,-0.488257787201327,0.4693202006194688
-0.9268071867234052,-0.48710351957446835,0.7723271251276588
-1.2850468966666668,-5.238112606666667,1.2751442566666666
-0.9648753378947365,-0.4851848791541362,0.9877600566165409
-0.9657243215789476,-0.2125750334586467,1.021766592255639
-2.1246156498507474,-1.0719175295522387,2.3145445783582086
-1.9323537611111112,-1.0643584744444443,2.232132143333333
-0.9358743466666667,-0.4934791233333333,1.2060147933333332
-0.7422717586795625,0.47744762282590386,0.8967631134398661
-0.7599219075,3.7177737349999997,1.127120345
-1.042757444651163,-0.5040697633488372,1.4324809981395343
-1.5039677484782608,-5.49608685673913,1.953046265869565
-0.74086332,3.69650769,1.20790184
-1.0263582965957443,-0.20895330382978725,1.4073441909574473
-0.9866222133333333,-14.399653436666666,1.6485613166666668
-0.7621759560810807,0.03627335380308878,0.8818480226447873
-1.633561744285714,-1.0035912768571429,2.7370886051428567
-1.0282282098008846,-1.0175185324999998,1.4212055738053078
-0.9018374483673472,-5.519055532244898,1.3817082961224487
-0.9015050803846152,-6.511951923846155,1.4393357726923077
-1.004146076,-14.384281538000002,1.7317385179999998
-0.92639714,-14.41410923,1.66528094
-0.65561736,4.95605087,1.2097199
-1.391176165,10.34633303,2.41222942
-0.8480175427433635,-1.5003189395132746,1.4101245818141581
-0.8529404003370784,-1.9988690027528102,1.4053229709550563
-0.8612183395620439,-2.5096545814598517,1.4142382660583936
-0.8928312466666668,-2.7713777233333334,1.59037729
-0.9356270233333334,-5.582735536666667,1.7163569933333334
-0.930737735,-6.843468424999999,1.7131181949999998
-0.96761096,-13.10582066,1.79875541
-1.368460466,9.898190498000002,2.4182312500000003
-0.8215832010059171,1.9805021130177507,1.4197361623076925
-0.8255801627800827,1.4769118784647308,1.4218008195020744
-0.824621101340483,0.9743884711528141,1.401103188498659
-0.8273820291549299,0.4842649379678066,1.399005012414485
-0.8292155200000006,0.07010175554179564,1.420793251981424
-1.1207034967415732,-0.4876804566292133,1.8918597681460678
-0.8520773056172838,-1.1337586716049384,1.410459006172839
-0.95696795,-12.587446215,1.81743926
-0.716572452,9.934539986,1.369911696
-0.7892480742857143,7.6466836928571436,1.3496653357142858
-1.30285428,9.423833848333333,2.426096556666667
-1.2857931466666666,8.995860096666666,2.4156978099999997
-0.87367487,3.68509984,1.71948171
-0.8081198734615386,2.8676746380769234,1.4381848378205129
-0.8145344938582676,2.4770889341732287,1.4127287366141734
-0.9133812187037036,-1.9978980288888888,1.7775974644444448
-0.9240462502564103,-2.4927324441025642,1.797726973076923
-0.92524603,-2.763433455,1.8018409000000002
-1.38167686,-5.043999778888889,2.68780952
-0.978580445,-6.902668296250001,1.90504761
-0.847073945,-14.95115328,1.74855626
-1.23068349125,8.497485398750001,2.4079079925
-0.7873411123076923,4.31136339102564,1.4378907428205132
-0.9134938906999993,-1.4846003695999999,1.8086523627
-0.66919011,24.67711544,1.3721847550000001
-0.771470761,7.9685920717500025,1.431238851
-0.9036376348611115,0.9854307438194443,1.869496265416666
-0.9111997228346455,0.06134324960629921,1.8799806861417325
-1.1892915216993465,-0.5125147984313727,2.393358232418301
-0.9589520695348834,-1.530498851860465,2.059632877906977
-0.9586747890909091,-1.9941057029090907,2.034535861454545
-0.9680841500000004,-2.4881062269999994,2.0455146587499997
-0.9969426403448277,-9.067125188965518,1.9796973268965516
-0.7508022105660378,4.052694198584906,1.4192944890566035
-0.9892376677419356,3.867624659677419,2.0306454129032256
-0.8945797931521741,2.4724071902173907,1.8986605576086968
-0.9423092000000001,1.8383956333333333,2.130294243333333
-0.9018917655172414,1.9866101343103442,1.9048512349999995
-0.8992990658474579,1.4864560735593217,1.8641138149999998
-0.9455887961764705,1.4757377079411766,2.1390329173529405
-0.9514353526666669,0.9874047877777781,2.1538638644444443
-0.9583586168000002,0.4901392014000001,2.1710431006000004
-1.035047748405797,-0.06609155782608697,2.04786306768116
-1.0383695528571428,7.000480958571429,2.3529445121428574
-0.8689031239999999,4.327544021333333,1.931545003666667
-1.1229808024999999,-3.00684955625,2.60719570625
-1.070829153076923,-6.444015576153846,2.463185695384615
-0.8022630544444445,-14.502563158888888,1.7722078044444443
-0.8156113136363636,8.395200384545454,1.9005950590909093
-1.0855895,7.988437176153847,2.3764408730769233
-1.002049695,6.645073493333332,2.3320024016666667
-0.8599113147826083,3.9968318585507254,1.8879134178260872
-0.9890725480281691,1.483731387605634,2.4146491707042252
-0.9966952223170731,0.9853094240243903,2.4343617487804874
-1.0576177100000002,-0.01230052357894736,2.468268826526316
-1.0242685306944441,-1.9742088002777776,2.440972225416667
-1.1059190214285715,-6.995977537142857,2.677926095714286
-0.9742574462499999,4.475627780833334,2.4968023204166667
-1.0726947299999998,3.52703452,2.6534244300000003
-1.036686395510204,-9.085993766734694,2.4735278642857135
-0.9714245975,14.599732159999999,2.5398502925
-0.9654811276470587,4.926949334117646,2.5262749199999996
-0.9707163557142856,4.937278201428571,2.7134796571428574
-1.029987884,3.9519968989999996,2.7269954679999997
-1.019372508,3.9577358678000003,2.5006369586
-1.0046276456410257,3.4724722579487186,2.7222246576923084
-0.9990024416666666,2.4130863550000003,2.705408315
-0.977405203561644,2.478690236301369,2.4681769658904114
-0.9838911753333334,2.012413066133334,2.451642879199999
-1.0574536244444446,-3.016106037777778,2.79951123968254
-1.1145252097619047,-3.527513228095237,2.779007384166666
-1.1759081516842107,-4.500184676315789,2.738686862105264
-1.1508486927397261,-4.996445564383563,2.7280435201369864
-1.1080412395652173,-5.468911015434782,2.725907999782608
-1.0133412186363637,-6.014823392727274,2.730695777727273
-0.2940053,-43.1979332,1.14961326
-0.90567458,2.36557921,2.707152366666667
-1.0174453705714286,1.935845219285714,2.8645628315714284
-1.0239736813684208,1.4812342031578947,2.873191991894737
-1.023507403490566,0.9860682964150942,2.872603798490565
-1.022733279401709,0.4924078977777777,2.875936918034188
-1.0624521229411763,-8.498040144705882,2.6464594252941183
-1.0576261812666667,-0.0423737756,2.857762400333333
-1.1055427735616439,-1.0068683919634698,2.841664705205478
-0.8954702833333333,18.21436564,2.6337252466666663
-0.5651247126666665,24.90514291066667,1.4309026743333333
-0.7189984468181817,-9.120778791666666,1.5520066383333329
-0.8304277330769231,14.59302858153846,2.574475746153846
-0.6771295961904761,-13.549609365238094,1.8349967176190476
-0.26629227,-43.24225616,1.35377884
0.2514724466666666,-29.635574976666664,-0.6275471433333334
-0.9737913899999999,45.46695328,3.52748299
-0.8538341075,4.919703760833333,2.7060316600000003
-0.8265026343181819,4.4941480379545435,2.83762035
-0.69778013,4.12132502,2.77355552
-0.8311055223809523,3.0028752336507925,2.8162421725396816
-0.8296458374166669,1.9761344265000003,2.9241484586666653
-0.7142830868750001,-9.621989606875001,1.9421027075000001
-0.6400349059375,-10.061621279062502,1.94425784375
-0.6755778104545455,-12.011594729090909,1.8965812859090905
-0.6770817825,-12.479003141999998,1.8777503905000004
-0.18465896,32.0064888,0.58570886
-0.6395404333333333,19.699026743333334,2.6290136166666667
-0.6639594433928572,5.086485360178572,1.9990216041071425
-0.7159504612500002,5.840403477083332,2.4014158545833335
-0.7368989,-8.22169733,2.684836385
-0.7212867124,-8.496586837599999,2.7166154479999993
-0.6757850364705884,-8.96088813235294,2.7120657676470583
-0.7228703625688071,-9.093927304311928,2.4537205170642196
-1.18642187,-3.30519462,2.67745757
0.25380889,-36.61864471,-0.84273112
0.326260824,-36.82049942,-1.029542338
-0.7521640974074075,6.620389019259258,2.4147686437037037
-0.6248845538775512,3.9416834771428575,2.5225461793877555
-0.6728195962601623,3.4723344699186995,2.5715652382113823
-0.6361059132380951,3.0029521646666666,2.535827018571428
-0.6420821059712228,2.4539143424460432,2.5565731476258993
-0.6385638232499998,2.0413173922499994,2.5325071452500003
-0.802403170689655,1.4586490040000002,2.958861462896551
-0.478460585,-7.447702598000001,2.547302102
0.07093898333333333,-3.035884301111112,-0.3269568711111111
0.06210494,-2.6380403833333332,-0.3121505866666667
-0.7035930318181818,13.499454497272728,2.62027643
-0.6069140926666666,12.999257469333335,2.6203737739999995
-0.6394302793749999,11.45624888,2.5853656243749996
-0.6837850992857144,8.951650823214287,2.5141760196428575
-0.6931878316666666,8.464175276944443,2.4846972758333337
-0.6932094781656807,5.034816417751482,2.5047095578106493
-0.6531767838571427,4.471258756285716,2.5914598157142854
-0.5068639070689657,1.4687688021551721,2.4699725975
-0.7011588462691133,-0.009294116483180449,2.939395750856269
-0.6970947019873813,-0.5075208547003153,2.9276206146372243
-0.6945630278200692,-1.001937121660899,2.917565211972319
-0.6897070593076924,-1.498297307230769,2.9066661621538445
-0.7057915708780486,-2.5022136189756106,2.8743296464390227
-0.6964171972222223,-4.0013262603174615,2.8356392022222217
-0.6947853225714282,-4.498798302380955,2.8188655444761914
-0.6910125589999998,-4.9940128746666685,2.8043416842222224
-0.6797412754545455,-5.500109227272728,2.7971354893506493
-0.6738782681666665,-6.5029876873333325,2.776569887666667
0.06790119,-4.3501462,-0.35026793000000006
0.07831280133333333,-3.997633043999999,-0.3493312886666667
0.07349616,-3.5347886089999996,-0.343656541
0.04892222999999999,-2.325288293333333,-0.30326691666666666
0.24438801166666668,-43.24299112666666,-0.9500179683333333
0.4149099799999999,-43.239009039285705,-1.6305331921428574
-0.3097764925,23.362553595,2.6395435325000003
-0.29869977363636363,12.978255272727273,2.665465787272727
-0.9800811361111111,-6.462802013888888,1.9285417261111109
-0.2744012730769231,11.976147797692308,2.6600836623076924
-0.2767059416666667,45.459732691666666,1.8547464016666666
0.17503582499999998,-43.30645606205883,-0.5435290964705883
0.13471854166666664,-43.31393284277778,-1.0647990211111111
0.1931743793333333,-43.30897877933333,-1.552192577333333
-0.6946965132235465,0.02648007274001402,0.4442919606201809
-0.27308368625,13.958948491249998,2.661185205
-0.22731546666666666,13.959927718333333,2.722070255
-0.2695711871900826,3.4866735871074375,2.5609733157851235
-0.20442336625,-9.552514315000002,2.006318585
-0.26864113593750005,-10.0897460884375,2.0156925346875
-0.21151343928571426,-13.511706964285716,1.9260426078571427
0.002992981818181821,-1.8546652003030304,-0.30295792636363644
-0.26768358,13.441891036666666,2.680793683333333
-0.14964882,13.499199595714286,2.7229158528571427
-0.20919746055555555,11.441220600555555,2.6573118644444444
-0.0335054916,4.989613628,2.7803959472
-0.9743724371428569,10.98074477,2.4503535899999997
-0.25305706790697674,3.9548679891860488,2.5785541396511626
-0.2331401647368421,-12.53931346736842,1.9504220363157894
-0.0322912395652174,3.5011306791304344,2.8628937373913064
-0.6788263943137254,-7.003652236470588,2.762829252352941
-0.045716294285714276,2.8810893685714283,2.8318384376190475
-0.24880435885593222,2.009355162838983,2.537850718432202
-0.74210697,19.74764061,2.60624051
-0.013780375454545453,2.3715726681818183,2.9710434354545456
-0.7722228551612903,-8.00152510935484,2.7232169419354846
-0.024592271866666668,2.0513676930666667,3.0138306488
-0.0060097250000000005,1.6207763099999999,2.90063843125
-0.23425041017301035,1.4694332711072664,2.52209488349481
1.4301344032352938,-5.9933464666176475,1.4474455992647055
3.238967532105264,0.32422025526315795,2.913095061052631
5.890839338750001,0.27091888625,3.934025525
1.5364048323664115,-0.7043315225954199,1.0021068569465648
0.3957949,-11.7674737,0.51781005
-0.5674779890000001,-22.786378289000005,-1.000240046
0.54445934,32.13579178,0.63753575
0.5361040291666667,7.864293218333333,0.8663636291666666
-0.5911589850000001,-29.96739578,-1.35237652
0.5493923328571428,7.927751402857143,0.6113075357142856
5.262293815,0.29872436750000003,3.3537011725
7.18939066,-0.17315733,4.18294621
-1.68658197,-0.25511697,2.8184123
-1.0136704836363637,-43.314683741818186,-0.5769914363636364
1.5702731683495144,0.42117007766990294,0.7578284127669905
6.08558876142857,-2.146848285714286,3.3930809842857137
0.20506172545454546,10.47808386909091,2.6040378263636366
-1.0631737793333333,-6.040589746666668,2.4346409473333335
-0.6877049333333333,-22.79628584111111,-0.19102600444444442
-1.0320914744117646,-5.076837778823528,-0.4529662414705883
6.32007443875,0.3063226225,2.07686552375
4.3038731089999995,0.320746057,2.441982053
-0.685285508939394,-5.997835599545455,2.78550718060606
1.6216941221338383,0.4597037277146462,0.43184830065656554
-0.70452863,-39.38364792,-1.12593424
12.866937635,0.28676857,5.942567110000001
0.7794500095303152,1.4539534828608023,0.9185577923996577
4.823870468,0.31166025799999997,2.87258792
1.7080130400568185,-3.4720635316477257,0.927634059886364
3.270899470333333,0.34819796766666666,1.9369852583333333
-0.9530348475,-8.991553307499998,1.60740891
-0.19089329055555557,-4.003190391349207,2.9158744262698413
1.5684038391025645,-2.5086417811538477,0.7538292943589747
6.1386774053333335,-2.0828900296666664,2.922557108
0.5023438235714285,24.926445007857144,0.6140145578571428
-0.1258487732891246,0.5372488480570302,-0.16874577212201564
0.5938265783333333,-15.127541987333332,-0.056423498666666703
6.212304260769231,0.2754818538461538,2.922576335384616
1.5685200798913044,-1.9859037400000001,0.7420725813043478
-1.018279656875,-5.179096400624999,0.440822166875
12.93991804,0.28451389250000003,5.4892110825
12.943516969999997,-0.46692359583333337,5.436323762500002
0.0999814335,2.9427601700000006,2.8516855485
6.4501925700000005,-0.7124085575,2.8669027700000003
0.6591891233333335,-5.517457759090908,3.0139940727272725
-0.36700966719999994,24.952022245200002,0.1061021908
-0.18385838518518516,9.487444877777778,2.6131954018518515
3.809180720666667,0.3350190893333333,1.9648898833333333
2.291945791630435,-0.498682095652174,0.08531449597826085
5.216369628,0.320330666,2.4124664780000002
-1.0039713525,-43.24640273999999,-0.23339498
0.4318626210526315,32.135093488421056,1.392341977368421
-0.6724686325,-22.686798811249997,-0.10947574374999999
5.820958735,0.3317663775,2.4740589875
-0.695835713267327,-9.102435583861386,2.0358882355445544
13.0323064325,0.2820319525,4.906736015
12.99661742111111,-0.010221930000000002,5.011673131111111
-0.7396472785185186,-7.4926780051851845,0.35614887444444454
5.319435599999999,0.27726463333333334,3.886366446666667
13.06219482,-0.29171664,4.76395845
5.9269677666666665,-1.553328100555556,3.0079285502777773
13.017989477333334,-0.5174791013333333,4.909917894
13.00220596,-1.0021921288235294,4.8843060658823525
-0.55796099,11.36946869,0.20500761
9.96105099,-0.8916132533333334,5.167164801666666
6.215255260624999,-2.008685924791666,2.546657855416667
6.06860065,0.25019807,3.74616265
4.0053827175,-0.9485715693749999,3.7018802925
12.86849626,0.13314037,5.94291878
6.4209196550000005,-0.70981273,3.2599166650000004
0.24740093999999999,-26.052197136666663,-0.5166532300000001
6.30039014,0.2898372592857143,2.4455668921428573
-0.56481487,12.74042988,0.14674042
1.5283296201343572,-0.9956305907293658,0.9872773028023032
13.08192698111111,-1.012026548888889,4.463239035555556
-0.6655492614285715,9.957368237857143,0.8683737392857143
1.2414257191304348,-4.491435568369566,2.4841250365217387
-0.6790892825574713,0.49271637557471293,2.957275904568964
5.839449097058824,-0.9991306402941177,2.4640174338235292
1.5279269854697983,-1.9949606305369139,0.9850761715436247
-1.0023341505882353,-6.985623919411764,2.7098072129411763
-0.824085892740741,-5.474379004148144,0.42008977211111137
0.4024872988235294,-15.26376628882353,0.5344058194117647
1.3140421280480907,1.442890930339462,0.9494679842291381
0.7933110404518073,-7.333467212018071,0.9313018619578325
-0.5712933127985746,-0.989636982691621,-0.3564715770588233
6.01979506,-2.2663423399999996,3.463532625
0.09598596374999999,4.379234700625,2.7709334656249998
0.640763255,32.141584394999995,0.8344199649999999
1.504141073598821,0.5006611578318576,0.9712459029498531
6.57019091,0.24485424,2.22314119
6.579258680000001,0.200124305,2.22575128
6.609428193333333,-0.6975098444444444,2.351824178888889
-0.47835996079999993,21.863664322000005,0.4465839516
-2.58431196,-1.77037799,2.60836411
1.5731301025,-7.039833187499999,0.782339425
5.296278343333333,-1.004410462777778,3.9209398166666656
1.7839450750970884,-3.5134583596116498,0.44900888203883504
-0.7455200746153844,10.97954772076923,2.527612246153846
-0.6072026376,-43.348744964800005,-1.0267103984000001
-0.6690472166666666,-2.763267807777778,0.0979041411111111
-0.16923976676470587,7.965856775882352,2.5739353402941183
5.304651738333334,0.33208330999999996,1.9081874900000002
-0.965675295,24.869813915,2.924458145
-0.6721323547916668,-7.501216957499999,2.7479045245833333
5.866818361428571,0.2964940485714286,3.4204370299999995
0.8482931995667865,-0.9989724352707574,2.6057771876895313
0.7944525523960692,-0.9751559904837487,-0.13219758656840525
5.66061306,0.33836454,1.82382298
6.58557749,0.24392802,2.07846403
0.8456481121568626,-4.974119813137254,-0.2460606164705883
0.6659401387499999,-9.056495802976187,-0.03696682577380953
-0.99889523,-7.84147024,2.69428658
1.5146675360548543,0.9540301123417724,0.9822828799578064
0.5944267736363635,22.03497331818182,1.4325431363636365
6.598612153333334,0.18449414,2.0819320666666665
0.8247431770967742,-3.50174427,-0.21455742688172053
13.146674526666667,-1.007323348333333,4.032076345
6.63155186,-0.70374909,2.089164615
0.7311919571428571,11.115047452857143,0.09656155285714285
4.0080632434782615,-0.4975799365217392,3.7179517121739125
-0.10443343,-43.133358,-2.00709558
1.5682972549333336,-1.4956917089999997,0.7493148231333335
0.15998363,13.21599865,2.83485508
-0.7050981669230769,-29.958313869230775,-0.5880761330769231
5.929843235,-1.6131348025,3.3981570240000005
1.5952474873469382,0.21497238183673467,0.8095197040816327
-0.21418295903225798,-43.33953389709678,-1.5615763970967738
3.773869528823529,0.35000370647058826,1.4505410464705883
0.7155878977222223,2.956636410166667,0.03305428527777777
6.302588575952381,-2.011114613333333,2.0096112400000004
-0.6693825733333335,-8.880621293535352,-0.05869328686868684
-0.6022832414814815,7.137857295555556,-0.03157345740740741
-0.09902293692307693,-10.35117552846154,2.030255592307692
1.678860763828125,-5.3409544494531245,0.93202134171875
0.4074328425,-33.18259907,-1.1074638
12.364771366249999,0.036858997500000004,3.67026075875
0.7539764853435581,0.47572861304294467,-0.10457848560122715
-0.4002302448181817,4.017683939636366,-0.07848278899999998
-0.56887317,12.77439594,0.1701726
0.49311705037735853,2.9517920918867917,-0.07332135924528305
-0.501923076857143,14.615848132571433,0.02356665714285714
4.704055385072462,-0.015428701014492752,1.3548485668115944
3.941584798139536,-0.001954821395348831,3.7205583441860464
-0.5965274,-11.97728539,-0.81822717
-0.1899870176363637,-43.36893331363636,-1.0382842976363635
4.719673995,-0.5000577486206897,1.372309423103448
-0.1565090852631579,-7.24568334368421,2.581534647894737
3.7732240910526316,-0.958154195263158,1.302410584210526
0.34397343866666674,11.140785302,2.4883261211111107
4.720216955714286,-0.8502453342857142,1.4022539123809525
9.289896844999998,-0.5647297275,5.076484741250001
0.4953018039598999,0.47549358558897264,-0.12018776408521295
5.37270599625,-1.82575473125,1.44015686125
4.584171453333333,-0.8097714583333334,1.12014844
-0.5604640586363636,7.896640907727274,0.0558950390909091
-0.5680262865,8.921138048,0.0679591705
-0.679910091111111,-7.013504232222222,-0.03907486962962962
-0.6897510746153845,4.394475607692308,-0.19040254692307693
3.05610561,0.3460688,2.67969966
-0.18909365071428572,45.465380259999996,3.4600882192857134
-0.5546955499999999,10.141546839523809,0.002524945238095231
-0.5611005252941175,7.471927230784313,-0.045952507058823526
6.450281667750002,-2.0031782707500003,1.33593804175
-0.5913318928877006,0.6918649883957214,0.020556098262032075
-0.20114925517241383,-6.52043428103448,2.849939478275863
7.355952504999999,-0.23215911,4.27352548
1.5105159326829272,-6.004445407682927,0.9491728735365856
3.215987638888888,0.33627406148148153,2.4329941362962972
-0.56593391,-43.280358125999996,-1.943377016
0.5121499117910449,2.499074274328358,-0.09285311716417911
-0.5942014107142857,10.405681168214285,0.4526835946428572
-0.5832938446766168,2.907673774179106,-0.019819476467661693
1.5294130318604653,-2.8144040816279072,1.0077911286046515
-0.752648812857143,-6.509411539464286,0.4283473587499999
4.5546695630769225,-0.5597479053846154,1.2132053930769229
-0.5788735576627709,3.9594743017362295,-0.020036367746243764
0.4879811616964286,-9.070748516607143,0.03580892892857144
3.7706987964999996,0.36542137299999994,0.9459598635
-0.0318409798930481,2.4246034405882355,-0.1858214407486631
4.78123939,-0.9495462475,1.9408060025
-0.018433869375,4.365821779375,2.7236948025
4.593494176666667,0.29993342166666664,1.1241535333333332
0.388667048,11.046032336,2.7218018059999998
3.7788725550617284,-0.9385767706172841,0.9426909529629629
0.6706366596666667,-4.014918081166667,3.0434682249999994
-0.6691681127142856,-6.000089686142858,-0.0457461052857143
-0.43728527,21.89339256,0.46456471
1.2580692957333335,0.4830862778666667,2.7554434272
0.121813775,14.0323205,2.7130785
4.5932433008333335,-0.4992806512499999,1.12248031375
0.083725535,45.460107805,3.46700907
0.057453546,-6.985058594,2.095540332
-0.6273337099999994,-2.476383742247839,-0.049889913227665734
11.877948215714285,-0.08416488142857145,3.999938795714286
-1.00140369,-11.6895628,1.84946454
0.6260535682113817,-9.037378931382115,0.4012215667479675
0.6290122706666668,24.878941218,1.3254938753333332
1.3045585409274196,0.9753702964112904,2.448611048024193
-0.6225802628085866,-1.9896873415026803,-0.04101314948121642
-0.46842630300000004,24.908893649666656,0.41086853700000003
-0.6145489127597766,-1.4851442798882681,-0.040484439698323965
0.09322353714285715,-10.294080052857142,2.027091894285714
-0.6861503486423218,-1.0149840045131084,-0.04255253042134821
0.7908709251869154,-7.353418307757009,0.44276751154205596
1.3343544324324323,1.4138672179459468,1.4229812715495491
-0.7018005216666667,-13.013355095833333,1.8532843945833335
1.5272845697625321,-1.4962085882058056,0.9952890824802109
-0.2038404516819572,-1.003194025198776,2.998905653730887
0.6448470506451612,7.418442710967743,0.4336761322580645
-0.7810551775268817,-4.957814303763442,-0.4432697517204302
6.484290521666668,0.19994290166666664,2.4977460716666666
0.5793169275000001,11.233671427500001,1.31046301
-0.306011795,-43.13531494,-2.4642562850000003
6.290955629545454,-0.837256085909091,2.4289997168181823
-0.6540020318181817,-8.607616250909091,-0.004984093636363641
1.7657062081481483,-3.9083548435185183,0.38315354
0.24854903,-43.25229263,-0.65894806
6.587646029523809,-1.9787054116666671,0.5020896073809523
6.527490085,-2.0018154004545448,0.930619884545455
0.44140335757575766,-9.060764601212123,2.8347975121212117
-0.6737189800000002,-14.015799442916665,1.8010120950000001
-0.7226429249999999,-43.243709565,-1.895083605
1.6533545905405405,-4.048234552702702,1.2642339316216216
-0.838245335,-8.35507965,0.89327252
-1.0289663815384615,-2.476620857435897,2.4015786471794875
-0.6728909441509435,-6.4895070005660385,-0.049558539622641506
3.29236898041096,-0.010110352191780815,3.6153377475342445
6.55557656,-2.11368668,0.6480134150000001
0.33638342230769225,-26.041378606153845,-0.0010199084615384623
-0.308182035106383,5.335192497872341,-0.1325577304255319
4.29813706875,0.30846936124999996,2.9305986775
-1.0912398017391305,-5.06963544326087,-0.0763803306521739
6.127361776,0.258907098,3.4429605960000003
0.157179636,-11.058397291999999,1.912697578
0.6201079868421054,14.825399799473683,1.0678589363157895
-1.1086415839473687,-5.407985159868421,-0.03348075381578948
-0.5651637500000001,12.872695288333333,0.24602854833333335
3.8969888145454536,0.33198873250000005,0.46668881954545455
1.6513670682758625,-5.340255091149425,1.4063015095402296
0.3233729424999997,0.4967687584693881,3.1189025386224487
1.4765962235802468,0.6563608092592593,0.5482806800617283
-1.0592527906666667,7.427052180666666,2.367953792666667
0.4338156454545454,32.13527471363636,1.0920247163636363
6.590521335,-1.7310818399999999,0.44364594
-0.7849149357142856,-43.34529577,-0.08755077642857143
-0.7762588149999999,-2.7651129566666666,0.7614553083333333
-0.7124620771805268,-2.4769414845436106,0.46976902687626765
-1.15687768554945,-1.0299279643956039,2.411380673406594
0.7752661851020407,-9.129618780204082,2.094540152653061
0.232260355,-36.84049034,-0.68920502
0.7499175166666667,-9.043188890000001,-0.3311954283333334
-0.606461075,17.592274664999998,0.65425524
-0.131487755443038,-43.39440879341772,0.39560087873417715
-0.788324020909091,-12.051476392727272,0.33128462454545454
1.4618933100425515,0.9887294043829786,1.4329830930638283
-0.577137186508121,1.472825131705337,-0.08778027063805105
0.6248113272340423,3.3928343030851056,0.9302982529787234
1.6544129119444444,-7.897994770555554,0.02640394472222222
-0.7022029775000005,-1.9841904141852695,0.45261789145089304
-0.543227287647059,13.720424708235294,0.06371460588235292
0.7827864310606062,4.007550998787878,0.05157299500000001
-0.6926638158723135,-1.4849285128508225,0.4403551650063213
-0.7525019498275861,-6.9985870327586195,0.4483600308620688
1.7967240225,-5.238781810000001,0.7682591675
4.833081303749999,0.3320717825,1.97184655
0.22444850125,14.5175648925,2.6168726387500003
-0.67269945,-13.680182321428573,-0.41851039857142863
5.75482427,-0.9755388220454548,3.900330044772727
-0.25145034119047616,4.409704872142858,2.58462218404762
4.699108309444444,0.30693776944444445,1.396166258888889
1.6722581293170742,-2.4988157088292686,0.035102187902438985
-0.539077485,32.1129722575,2.666760505
6.363487994285714,0.20365405142857143,2.9578790328571425
0.6317789276,11.2157846068,0.8725114128
0.34556979772346375,0.08116150527932964,-0.0500078560055866
1.3539588150000001,-7.9867885350000005,1.8738170445000002
-1.077135048235294,-8.000440372941176,2.6538796570588237
-1.1094019214468087,-0.5046828431063833,2.856163614212767
1.493964680422535,0.9179747842253523,0.5687326796478877
-0.6192728709374998,8.008242623125001,0.407696118125
-0.5220468451612904,21.412230829677423,0.4326078096774193
-0.6305784397560978,-7.981041819105689,0.4116043298373985
-0.7056534659428577,-2.999993469714286,2.8623957319428577
0.54701746,-13.68771076,-0.16269964
-0.7033673516216222,-3.4984213516891876,2.8487822202702713
-0.2090772670765028,-0.008058289918032799,3.0202749816393415
0.5429494636842105,-7.322780785789473,0.5715593426315789
-0.30568676504132225,24.937217491322325,0.4189947943801654
0.40542243499999997,-29.610383034999998,-0.985008
-0.6963145485,-22.5854268075,-0.5166899275
6.40642357,-1.23396289,1.46077192
-0.5712526161194033,11.054544349104473,0.437251855522388
-0.6662297179214065,0.9771897295484313,0.4382196033505689
-0.7255740592857142,-2.7669390599999995,0.41827451285714284
-0.9917785049999999,18.220077037499998,2.6112287024999996
-0.2707527323809524,23.313656126190477,2.8894715871428573
13.065564156666667,0.03019381666666666,4.765800316666668
-0.6718579899999999,7.075475779090908,0.46517578545454547
0.7285367710101011,24.914568024444442,0.44608646656565665
-1.449544138571429,-4.614417757142857,2.68488523
1.6170959532830207,-1.497208020396226,0.4418180414339623
0.095387555,12.07971096,2.64011192
0.84628291,-5.026272114444445,2.4937088370370377
0.31308839303571434,-22.4573430675,0.2661869182142858
5.299843502,-1.10890919,2.012075878
-0.717085477804878,7.497584366585368,0.8574727341463413
-0.5175583369512198,11.063109037317076,0.019312505609756076
-0.6703894780924854,1.9686248926705194,0.4656508309826591
-0.4008148,21.71282005,0.96008062
1.460447679111968,-0.9978147649613895,1.4209765711969107
-0.6082012437500001,-7.479644358125,-0.37401811562500004
0.257825085,13.579419136666667,2.672078133333333
4.261997444642857,-0.8327805564285713,0.9386419464285715
0.8343994994788276,-7.356896105081434,-0.01781062250814332
-0.9839117900000002,-7.475346660999999,2.7027723779999997
1.298010860422959,1.4000371761933537,1.9231254114803624
-0.7387748883877544,0.9978055172959188,0.8767516919081643
-0.8384628965883474,-1.0975533743796992,0.8386081634680469
-0.9837266873333331,2.8738701893333336,2.5072014090000008
1.2802881724999997,1.4693757953221638,0.43850593429123685
0.8086097528846155,-7.334572060913462,1.4318471344230776
1.2642777790285713,0.9759480685142852,-0.020095535342857164
6.1407268833333335,0.21704966999999997,3.4493137199999997
1.6171933541860457,-2.497386620332227,0.44349569318936855
0.6832963347368421,11.233653369999999,0.4942636163157895
13.112822054999999,0.28074418,4.475876810000001
1.3104414136423843,-2.477675537814569,-0.10858485105960265
-0.5547520325,10.325027704999998,-0.006080078333333336
-0.9199360025000001,-5.052910922500001,0.2559945275
0.6970837170491805,3.3765966482786887,0.43922549819672113
-0.5269976302380952,1.3961228307142852,-0.3103456197619048
0.67787319,9.71371937,0.45482475
0.15349152409090905,5.537512800909091,2.524224227272727
5.452361663333332,-1.8740841333333333,2.0111984
0.7476055809348021,-0.008605048015340379,-0.11170577764141902
-0.5067331519047619,18.28845914190476,0.4011499938095239
-0.10000981214285716,-43.41499137857142,1.25850193
0.850331694,-1.5007602050833333,2.5895870524583335
5.905689017586205,-1.5076970101724143,3.916816473448275
1.6560837092857137,0.221538177755102,0.4624018587755101
-0.5860355277777778,6.505970795277779,0.031151765555555558
-0.5925149080555557,13.670593817777776,0.45332487583333325
-0.9087438016763006,0.48722150572254325,1.8792329667630063
11.80211353,-0.25846013,3.51463008
1.5088051908108107,-7.0698704854054055,0.9256093259459461
0.5679623102564102,2.991206572820512,1.2476034987179487
12.937038994,-0.901361728,5.327660848
1.7712706328301886,-4.006654397547169,7.853584905660397e-05
-0.0835219466413238,0.059466342873434504,0.2284172059794278
0.057294045,-7.47377515,2.0705820349999997
0.57246118375,4.5154429675,1.7867514649999996
-0.7313910761583576,2.478765482668622,0.8791057651906158
3.275943076901408,-0.5051334929577466,3.597436411267606
0.48087035,43.517522815,1.53368795
0.17233341876712333,-1.499016598219178,2.376154583013698
0.42193827083333346,-13.831114319722225,0.31998152277777786
2.842582465,0.29451298374999996,0.19311794499999999
-0.9905678290625,4.4520775228125,2.8452223771874996
0.4072129428571428,-15.240260986666664,0.8558851133333333
0.187774755,-43.3192214975,-1.820522845
-0.09881289416666666,45.3080294925,1.4246178866666668
3.768389224615385,0.3235901023076923,2.4420330892307693
-0.7165240996373058,2.8819579969948186,0.8725868254922278
-0.5873354294202899,-3.5009527588405804,-0.4504406914492752
1.6815692378929772,0.981712437759197,0.09817092140468231
5.954933381818183,-1.8690475163636358,3.0403597795454544
-0.67639536,-14.3069725,0.19315226
1.249302250142857,-2.972876128142858,2.4925104447857147
-1.0023528291891892,2.9743493121621616,2.851998496486486
1.2444292384908804,1.446994963349917,0.03671849389718078
-0.7844419354405475,-1.0367087327887075,0.4358661387282575
0.8123495,-7.398624423333334,1.7162999733333333
-0.47673844469387744,4.988616690612246,0.00987802897959183
0.749772061221562,1.5001396428585534,0.4396212016221567
0.5874676291304348,-8.935653478260871,0.82272019
1.4019784672106832,0.9864319907715132,1.9349315247181011
-0.5516194425190839,-2.482787645725191,-0.39715930267175586
-0.6688758210690293,1.466213294080637,0.4458597960965177
0.5720731675999999,3.4193274679999996,1.3020104216
1.2327736690909101,-7.368499306507182,0.42975502535885185
0.57803375,24.88872719,1.72881174
0.10752059500000001,-14.539152940000001,1.7869456616666668
-0.5451470408333333,14.65489143777778,0.4375281544444444
0.7701793919121055,0.9661405127139536,-0.09406018530454895
0.3574105544444446,-5.499848034444445,2.968319144166667
0.24523036,-33.05623627,-0.73524064
-0.27079416625250535,-1.4961777968136292,-0.33683398190380753
12.298416682857143,0.0658744642857143,3.930551562857143
-0.5063844458064516,1.1720140951612905,2.492587036129033
5.306135472857143,0.018672602857142853,3.951907475238095
-0.8662793963461538,-5.006689942884615,-0.12351636326923078
1.4603068778242665,-2.494138456359833,1.4231741610041837
1.6748036120710073,1.4008963113609467,0.10376539337278103
1.2683158205555556,-2.502213497611111,2.4698210383888886
-0.7042487487499999,4.27322285275,0.9579806399999999
4.311661638552633,-0.5039068978947369,0.8848286743421052
-0.6466590274069149,3.955400041529256,0.448404405478723
0.5036690361538461,-11.62387356423077,0.023271932307692308
0.55729663,11.23947239,0.61363238
-0.41122314,-14.76152325,1.79474866
0.8387398669696967,4.499530200606061,0.08155193484848484
0.2628022925,-40.4006309525,-1.0467380575
-0.6885594100000001,-50.48433348705881,0.2630003088235294
6.198431397999999,-0.81068549,3.8181075079999998
-0.72057414,6.74569798,1.31081402
4.316869885125001,-0.0062784834999999985,0.8855087200000001
0.6906156964905664,2.9774404410943376,0.44427663260377365
1.3734485647524748,-2.517662781683168,1.9294452687623764
0.21496643000000004,2.4791043324999995,2.4388225839375
-0.6483581783333333,10.530500570000001,0.7632079816666666
0.41661501909090914,14.777869917272726,2.3644590490909088
-0.12027851125000001,-7.8893379562499995,2.6581020975
1.6370238781250002,-7.021701196666666,0.040864502500000004
5.805926552222223,-1.0008491325925926,2.9669534277777774
-0.7738267963157894,-13.357448526842107,0.29357012473684213
0.22362205000000002,-43.320352555,0.19550743999999998
0.7325701162962963,18.48082079796296,0.41663130999999987
-0.5441233023809522,18.061558950476194,0.06493355428571429
0.15318282833333333,-2.9718592362499994,2.263711045
-0.1941653590909091,10.466707534090908,2.634100351363636
-0.5799937196296296,13.786114904814815,0.4867896988888888
-0.7380811409042559,1.4736902747872331,0.8787253107446803
3.2844415900000006,-1.3207515405555554,3.570547010555556
1.6370313280952378,-3.2205387309523807,1.4436573019047618
0.814373600487805,-4.489003687682927,2.5060199325609753
0.09303969,12.36629486,2.61356854
-0.6924901923076923,7.989429877307692,0.9643520423076924
-0.19397889312499994,-9.109989455625003,1.979956979464285
-0.6894759733333333,-7.991811513888887,0.8412998844444444
0.7949314351898739,-9.093116663417723,2.3513494022784807
-1.8907711800000002,18.44961071,-0.0741912175
-0.7367798783333334,-43.231320065,-0.148444235
0.6204602591228071,7.890081564210527,0.49132543
-0.7693886235268819,-1.9902772281075274,0.8719208271182802
0.7456650614285716,0.9533055370129874,2.648904018246753
4.234922851481482,-0.8977776944444444,1.4387959548148148
5.283360548571429,-1.0344318414285714,1.4792752442857144
0.79453071,-7.334380943333334,-0.31982362333333336
-0.8301976122222222,-43.42073991666666,0.7788097188888888
0.39349624893617013,-15.23299071106383,0.4044029895744681
0.47638479868421024,-15.192490351578948,0.030049105526315796
-0.5162577700000001,4.4776140841666665,0.3017737208333333
-1.4936252925,-5.029951294166666,2.671458781666667
-0.2974493138461538,4.94816709782051,-0.1512065528205128
-0.7342783942857143,8.375878265714288,1.4033751650000001
0.5646897327777779,2.4711418008333337,1.222071958611111
-0.8221363389189189,-6.508256422432432,0.9025283635135135
1.6141914211111117,-7.900451671111111,0.3974607471111112
5.247834301,-1.9063950550000002,3.885341048
-0.5733539449019607,18.020484588235295,0.45438047666666687
0.3170573071900826,-3.0012491304132243,3.014647377190084
-0.57211989,13.747916700000001,0.725813775
-1.0409801,-5.232414244999999,0.8100207749999999
1.615224838370926,-1.9967619918045125,0.44363717581453627
-1.085361097085427,-1.0031422042211053,1.9377089480401994
0.6557501074193548,9.978335996129028,0.5243431274193548
0.59667398,-22.400260191538464,-0.08073111692307691
-0.618542856976744,10.104793925348838,0.42760513093023267
-0.17478380700440516,-2.986709788898679,-0.3666744797356829
-0.7775329257357356,-2.49331646087087,0.8779140978978981
-0.6500583612903226,6.5477028508064485,0.4357784609677421
-0.997602075,-12.061068535,1.6671997900000002
0.6511394344444444,-8.509953287222222,2.9434667700000006
-0.1886181867032967,-4.9899430589010985,2.887528752747255
1.6421178242968748,-0.8801399551562504,0.10260864343750002
0.4038217737931033,2.0470901883448276,1.9979106084137932
0.4718711504,5.3299012756,0.0027068132
-1.078005287,-5.396748853000002,-0.46555567162499994
-0.8653082913580243,-5.49428484432099,0.9149614889506169
1.4578014629487175,-1.9956971622115394,1.4207451139743585
0.594881034347826,7.853953463913042,0.7891210782608696
-0.39436882666666667,18.30432065666667,0.01096433
-1.1576490385878964,-5.423947474524497,0.4501448513544667
-1.01190805,-1.25943792,1.4414897
0.7068715525,10.4861657625,0.10054142
1.2075726003525649,-1.5305544768910253,-0.08868914650641029
-0.6328907830769229,13.664385281538461,0.7633802246153846
0.17807105307692309,5.901256927692307,2.524210215384615
-0.6990870524637681,-43.42385394405798,0.45618462144927535
0.31728551749999995,-0.5046731278061224,3.0881407245918373
-0.19199808148148148,32.08219994481482,2.8589089444444435
1.20568371,-3.847423435,2.703359605
1.5026528651515147,-7.95796234,0.9560384533333333
-0.5555250733333335,3.48053946,-0.18913678303030296
-0.556109058,14.639227488,0.7313306199999999
1.2717701265714285,-5.529085691142857,2.387086937142857
-0.7216720337681164,3.960271208134062,0.8683989884782612
-0.67349133,-13.961146855789474,-0.025531060526315794
1.5288283221052634,-2.492249171626794,0.9954817634928235
5.842412009411765,-0.022281182647058834,4.016557875882354
-0.4534137491666667,24.92516390333334,0.13564046666666665
11.80306053,-0.20499295,3.51500177
-0.5449211410857144,-1.997230574914286,-0.38724109565714276
-0.60717945,-6.002725854666666,-0.373972648
2.9137083161111104,0.29619440499999994,3.4791181605555552
-0.35675030666666663,21.87189833166667,0.8283639150000001
1.283342733778501,0.4923870849511401,2.448913580912052
0.24171102833333336,14.017013706666667,2.627324183333333
0.5224180617283952,1.983476663827161,-0.11228870172839507
1.6617622197560973,-3.0626330431707314,0.8593959087804879
1.6052097866666666,-9.17508634,2.5025791316666663
6.534582819999999,-1.3831755614285712,0.9033610057142857
1.5689239279999998,-7.95046444,0.8191329459999999
4.37905940975,-0.008018616000000008,3.7909427337499997
-0.1398728513052208,-0.5958502798795174,-0.24188106681726906
-1.2335209760714287,-5.512659893500003,2.433172389357145
-1.0683186755555556,-43.35910076555555,0.8260549238888889
0.6560935536397056,2.0283576017647076,0.4366040741911764
-0.7356103181376522,1.9766949322064788,0.8796379144736837
0.09513481195121952,3.89803059512195,2.8353451517073163
1.254697427966102,-0.9881675235593219,2.748052907627119
3.355875024074073,0.36319757222222226,0.40298987703703704
-0.8415433194999998,-9.011892224000002,0.8222983509999999
-0.7082817725000001,6.9711359725,0.9744753675
6.181787315666668,0.003965733666666671,3.8901376646666668
6.313164527692308,-0.8379509900000001,2.066887544615384
0.8383607030909096,-4.47780825890909,-0.23791309545454545
3.255698775428572,0.0015848937142857258,0.2509914891428571
0.12167135533333333,-13.976704850666666,1.9244799300000002
-0.5429142630434783,5.009733391739131,0.3917359388043479
0.7961548251234581,1.4834854774382713,0.006823762925925922
-0.9125292581481481,-1.151944418703704,1.7942354812962962
-0.18287679459627326,-3.49313463627329,-0.3844820317391304
-0.6353103344444444,13.975296234444444,2.631434597777778
0.846727517361111,-3.992338746805556,-0.2250874276388889
0.5912262500000001,6.870294575,0.7045446049999999
1.8142053951282038,-3.4876696020512843,0.02938919307692306
11.8088083275,-0.0727571625,4.3326083424999995
-0.6888744553846154,-50.46044276230769,0.14276565307692307
0.61455315,7.59541372377049,1.000517483442623
1.8268913140476188,-5.158597491666666,0.012911400714285707
-1.651754727027027,-0.5053154037837839,2.764087702972973
13.112747478000003,-0.46472405199999994,4.413548185
0.514854725,11.349220275,0.637727085
-0.7275082409210526,-8.946506111447366,0.39689698763157893
3.376675194444444,0.36946014555555556,0.9648433116666669
0.809211452783505,-2.4945342863917506,-0.18930446912371143
-0.7465932933333334,-32.37201690333333,-0.57775402
-0.59000275,17.450981140000003,0.7272800320000001
-0.6940058595652175,-12.019038076086956,-0.13445251782608694
-0.049855095333333335,-43.316035843,0.170169704
0.8085114629349743,-1.4754827595957813,-0.15511888671353266
-0.29827730858974366,0.35572370538461534,0.24396247435897436
-2.332349657222222,-1.4731209344444443,2.580901185
0.47192731363636364,25.01534678659091,0.9305294509090913
-0.20645841153333333,5.038650843800001,2.5355489746000006
1.7154052602197802,-2.9785522368131865,-0.005080108791208796
11.6321497,-0.9925710320000001,5.395064639999999
-0.5216642244444443,13.784474266666667,-0.025423191111111115
-0.7832822199999999,-7.417617796666666,0.7147569266666666
0.5338442523809521,0.9495650068452377,-0.13186782869047625
0.2461390557142857,-26.04807063714286,0.21789390999999997
2.3078084911764707,-0.8815166135294117,3.4391953732352945
6.139524347647059,-1.5068037170588233,2.85201743
1.6282620124375,-0.6639248867499999,0.8598986936250002
-0.9638374433333334,-4.67215236,-0.5504544566666666
-0.7489483851612903,-6.0022213993548394,0.4217080683870969
0.27849670923076925,4.482339088653846,2.4379588309615383
1.4389757037500006,0.4887585512650604,1.4109652461445792
0.6608538441025641,-4.980301514615383,3.015148761794871
5.2160080075,-1.0605634006249998,2.498917818125
0.8010129736206891,-1.9888678202758632,-0.17457103844827582
-0.49063780999999995,21.844605763333334,0.70309631
0.5375267028795812,-0.48086232225130887,-0.1553199055497382
0.7797189001333332,4.0558733276,0.41354797706666657
1.353311214358974,-5.987706196666666,1.8836336502564104
1.6524842481666666,-6.033693662999999,0.007794211166666671
-0.6214847180769231,9.494698413846155,0.4104000303846154
0.5307953246590907,1.4749288926136364,-0.12951126738636362
-1.0186445875,-43.28486538,-0.8541207775
-0.6111511813333335,11.064097404666665,0.746277486
0.782440287816092,0.9881297325862073,2.836767658218389
5.294776438888889,-1.5032186566666665,1.9613690377777777
12.88849068,0.12809813,4.403512
-0.18423683642857144,-14.505703447857142,1.834767622857143
0.8245425325362317,-2.9948435162318856,-0.20023989847826076
1.6860201858685442,-5.3980478769014075,0.44976626680751175
6.524892400000001,-0.7239558528571429,2.575808557142857
-0.40683177,-50.485647029999996,0.2392202754545454
4.392016610000001,-0.9201583316666667,1.8611979791666664
-0.49440339833333335,24.907313028333334,1.0126146366666664
-0.7622363226990551,-1.4871204685020238,0.8733116707152493
-0.40729258888888886,14.543262164444448,-0.035853024444444444
-0.8167701675000001,21.827739717500002,2.7563896150000002
1.66996133,-6.65640402,-0.07551387
-1.1826109348186549,-5.444442978031085,0.9470032554404154
-0.4624437773333333,-0.739713462,-0.34790514666666666
-0.5585211061363635,-7.960158972500003,-0.040502298560606075
-0.54842159,21.380377770000003,0.7559684799999999
-0.5539089333333334,17.959719338333333,0.7427486283333334
-0.2020680487250996,-1.9985468888047815,2.9672370223505986
6.14993789,-0.8932503822727274,3.4223364599999986
-1.4686422846153848,-5.440697192692308,1.028895935384615
0.7302787521782178,3.4017709079207923,0.04178587544554457
-1.1812371,-43.16668701,1.10615277
0.1744845125,32.086688997500005,2.5763020525
0.7325215282515338,5.062987729570554,0.025696655920245417
-1.1880977696534658,-5.501392437475246,1.926860414306929
-1.0476203072727275,-43.358228856363645,0.5615838454545454
0.52726571,5.25078789,0.20448676333333335
-1.0092424496551728,-2.006693013793103,2.8364305491954025
-0.6788092391304348,-19.09112627543479,-0.573951458695652
0.5713623750000001,5.345350265,0.01404415
6.06330633,-2.08748126,3.737740755
0.4289029719607843,-11.654615496470592,0.4400907584313725
0.7238348093333334,11.274860826666668,0.11457334466666666
-0.66520569375,8.958483337499999,0.77403816625
1.287763493333333,-4.462050080000001,-0.1625664589583334
-0.81780097,-18.435866355,-0.16156608
1.5682571871910111,-0.9970920906179778,0.7431524474157302
0.6632145217857143,-6.494817393571428,2.9949775421428564
0.10967341174603178,2.0350407628571423,3.0596408769841275
1.3004105861016946,-3.997599803728813,-0.15250054525423726
3.802907498648648,-1.4250537391891889,3.6530127654054056
-0.47810366,21.37052638615385,0.1234988869230769
0.611011624763514,2.4734644768581058,0.920482670945946
-0.6765763392857144,8.432104859285714,0.901073220714286
6.311742097499999,-1.56576503,2.053089508125
1.717058320362538,-0.5450698991238667,0.05051525401812689
-0.6662329114814814,9.466590174814813,2.533161437407407
0.4244446365423728,1.5017875329152532,1.9322685974237301
1.296105792027027,-3.4991408909459465,-0.14096419945945948
1.6213943734000003,-0.46670931219999984,2.294027967200001
6.1026667024000005,-1.386950264,3.4198064428000006
4.21224073326923,-0.5077997119230768,0.6439788103846154
-0.6824637653333333,-14.344309107999997,-0.15794707400000002
13.10041094,-0.020277699999999996,4.471258165
5.958333992380951,-1.9641569861904766,3.417217571428572
1.289689834175824,-3.000161504065934,-0.12822474857142854
0.6404759861290323,6.943224214838712,0.451719335483871
-1.0435862946575338,-2.494250974383562,2.806394211643836
-0.6096439673333334,-6.503423722666668,-0.38716060599999996
6.222935464166667,-1.5739160444444442,2.562464998055555
1.613519708461538,-0.6627769379487178,1.3792928092307692
-0.2037847357191781,-1.499819855068494,2.9846506011301357
1.6900110748979602,-4.004351675034013,0.9630757858503398
-0.6188015607692309,5.021269871923077,0.8093482942307693
-0.7361996939999998,-13.5560804372,-0.0621705268
5.752084560277778,-1.0254233611111114,3.453728251666666
1.3064041967032984,-1.9834029442857135,-0.09194093087912086
0.7555373252020197,-0.4893723128282832,-0.12891339486111095
1.6666190144852941,-1.5262216478676465,0.129498508382353
-0.56853935,12.726442815,0.19995974
0.7173240566666667,18.508757273333334,0.18669192999999998
0.2381004495555556,-43.30279413711109,-0.05785745066666666
0.53368595,22.050043105714284,1.487972991428571
-0.7741656450000001,-43.242581367499994,-1.4674413499999999
0.4720876231645568,3.9999652364556946,2.0455507070886076
1.2442932423921569,-0.9710298362091503,0.0283678596993464
-0.2529457,-43.246082305,0.256250315
1.5206869762857145,-7.056704071714286,0.48274730171428565
2.3787393945454545,-0.561854955909091,3.4696543545454546
-1.38527393,-4.48367357,2.69206643
0.7865608724137931,-8.500866495517242,2.3844514379310344
1.2565502469913055,0.0012752891130434767,-0.04231431104347826
0.705333456034483,11.26832177741379,0.38660456620689654
6.857925925925726e-05,3.93030572037037,2.7955120488888894
0.6603511323636365,18.43231610436364,0.9279703978181819
1.8255169800000002,-0.0034676741379310373,2.8841509168965525
0.13908086666666666,11.31137244,2.56080143
-0.4772620290000001,18.290191364000002,0.08922569
-0.7199354872727274,3.542201431818181,0.2691737945454546
0.49349773375,5.1689860224999995,0.0427904925
0.44300078431372536,-9.089689408078431,0.45387363823529403
0.6182193545333332,4.0273826416,1.4164918054666666
-0.1746838516129033,-3.999732421532259,-0.3993840902419356
2.418322086666667,-0.7903318416666667,0.11625593333333333
0.6843305376962022,2.4705138153417727,0.4402834627848104
-0.629609791875,8.4902907021875,0.45388280843749995
1.2617801743428572,0.47593627965714297,-0.031446841923809504
-0.647582308207547,7.474191211132078,0.436954978490566
1.634382032720588,0.9920092467830893,0.41605092645220637
1.3755648357258066,-2.9920082608064518,1.979301679677419
-0.6639025453122863,0.47926300922100173,0.43866640651338534
0.8226825846153846,-7.985904124615386,2.3761253542307696
3.857872072075472,-0.9051331916981133,0.4920418560377359
-0.19874218500000002,5.513234121097558,2.443176385243903
6.232238751199999,-0.85219003,2.9310053352
-0.769140232,-8.43831978,0.316660684
-0.53144085,23.09474754,2.88540316
1.7214662646601948,-5.405384794563106,0.035492956990291265
12.48206711,0.29395998,3.98578
-0.815240836111111,-6.92134187,0.8373142477777777
1.58382249,-5.24994373,1.67765343
9.325892258,-0.038241067999999996,5.096309566
-0.58277744,11.933465006666665,0.26803781666666665
0.555574625,1.757175745,0.67593378
5.180604935,0.30958672,2.882771375
2.7874686497402594,-0.5014759074025975,0.16307572298701298
-0.6214732199999999,-32.35176086,-1.178639535
-0.5781150861034479,1.9725912872413793,-0.06612588501724141
0.42492580799999996,3.790006567,-0.043703968
1.3855119324712644,-0.9997044151149425,1.9120804837356309
4.288628527931035,-0.9114436362068967,0.5399134610344829
0.7056508420000001,0.812412578,3.197886158
-0.679830852,-7.53937554375,-0.068974522
0.21055981000000004,13.42439562857143,2.753866042142857
1.6663046170612255,-2.00989649244898,0.04726035926530611
2.85211563125,0.19525358,0.19268634125
0.3249709881818182,18.39544417727273,2.959657344545455
0.4128376321794873,-22.42781837179487,0.04490452538461539
1.7421998352697097,-0.0041864837759335765,0.03238754730290457
0.6077609228571428,11.263325691428573,1.3550686671428571
4.555064836666667,0.1865721733333333,1.21481291
1.7682004509090907,-4.471700515909091,-0.08759633500000001
0.74923122,24.96084976,0.18336119
-0.6599380825,10.466974545500001,2.5577520135
0.4223408757317071,2.4736434123780464,1.9785254045121956
0.6523408448275864,-7.03458488310345,2.9356915620689645
12.941957890625002,-0.02030518125,5.48941105625
1.6332266528448274,-3.429838727586206,1.420031036724138
0.72747794,17.237190249999998,0.5960930550000001
-0.5602887544444444,21.104094823333337,0.3416979311111111
0.7983343455555555,-7.183371808888889,1.3853562277777778
0.56839538,9.79744053,1.22435093
0.7226103364285715,10.030752932142857,0.11781839142857144
1.1909713468181822,-7.524633906363636,2.4443558559090905
-1.4944322289655179,-5.469026663620688,1.416640492931035
-0.8961053999999999,-6.004863194285714,1.428182551785714
6.313817215333334,-0.5054840793333334,3.884924586666666
1.6759515605835547,0.4841761498938989,0.09797465445623339
-0.40134171300000004,-50.482684327,0.14990850100000003
-0.11872867285714285,13.019957270000003,2.7126845628571425
-1.1987961887748333,-5.467421995794698,1.4105509980794708
-0.974289925,-43.277891155000006,-0.296326475
2.2607691597247705,0.00816522385321102,0.09348914541284409
1.2299083659259258,0.9987877433333331,2.815174767222223
2.3748224799999997,0.2673443635714286,0.12441754357142856
2.8962002544827588,-0.8672003210344826,0.16989086689655172
0.13413095,17.27397919,2.63239479
2.7256825602941164,-0.0521981375,0.16629407044117644
0.6721975362815883,2.0042276578339338,-0.020596541696750893
4.188316715555555,0.3018960655555556,0.67848697
0.36438233294117656,-7.047623746470588,2.8958905232352943
-0.8199010076190474,-6.00673566547619,0.9112247509523809
0.48482125000000004,4.425973075238095,2.060572868333333
1.3892434358530192,0.48944068236220484,1.92764847784777
6.468895911999999,-1.311925698,1.3031950460000001
1.6538181256417903,-0.6691822315820899,0.44348771713432794
0.317373170061162,1.448542534740061,2.460046204495412
0.6793499160606061,-9.101279287575757,2.8512348196969692
-0.18957426658227847,-5.504179978481013,2.8773858488607593
-0.91225737,-43.21030426,0.19786569
4.595411083749998,-0.0067017904166666795,1.1238888554166664
-0.2027193611940298,5.092468725074629,2.077970234776119
1.6845249907317075,-2.957540681341465,0.4389173069512196
1.6061157795203467,-0.9869251086773253,0.44954226529069735
0.2373859904316547,1.982868306834532,2.440916634172661
1.5972399763380285,-5.982344096197182,0.4195210878873239
9.276234438,-0.862104738,5.06874056
1.8426319154545459,-5.225434910909091,0.3049856936363637
-0.2526043093959732,2.9456491697315434,2.5506228597315435
0.7294527,17.375242229999998,0.807558625
0.23004338187500004,6.977309748124999,2.4818284434374993
0.56576002,-7.07783747,1.15752411
1.485404666375839,-0.7026905354362416,1.4285093402013425
0.8720180918644069,1.3926221577966105,2.7849678100000004
5.9554374999999995,-2.279961266666667,3.8976859266666666
-0.6874092984375008,-1.9993256444642855,2.8911424906696412
5.821521091600001,-0.5036467594000001,3.9351963287999996
0.5987799669696969,11.260482961212118,0.9564864145454546
4.787383953333334,0.29687212333333335,3.404085913333333
6.10560608,-2.26546264,2.9543395
-0.19723830414285715,-2.5017667953333342,2.9567735069523793
-1.09808595,-7.517503300833334,2.6541332800000004
0.431928095,-13.728118895,0.50879091
1.4148323669230771,-7.058867564615384,1.4464758046153852
0.6163539909313724,2.978539228284313,0.9267668369117644
0.37835106,-16.90367126,0.26665056
-0.6704868077272729,-25.063145463636364,-0.5134036531818181
-1.0032626521428571,-12.043667180714285,1.7794659042857144
-0.10901315842105266,-4.983183250175438,-0.4090332775438596
0.1033884125,-10.2307727325,2.0978103875
3.8141192090909097,0.31212764909090907,2.9431321618181814
1.4380527841666666,-7.978119731666666,1.3469912199999998
-0.6661658199999999,9.492368061666665,0.7629228533333334
0.5555478929411765,1.5916661517647057,0.676491455882353
-0.6781888276785717,6.908219678392858,2.413407947142858
0.606855870340909,2.115687508409091,0.9174119691477273
-0.45170547,21.833907605,0.0066408475
-0.7548045081818181,-18.292568032727274,-0.41621871363636365
4.870558736,0.27412932999999995,3.834850454
-0.4530580866666667,21.195237476666666,0.04629681333333333
1.5820130135,-3.44741423725,1.7886638877499994
1.5481292,-4.04688978,1.18988037
-0.5741180042857144,-43.30027425809524,-1.5466692042857144
5.270547361176471,-1.509390473529412,3.9019687029411765
1.5491360383333332,-1.0422778973333335,0.26761675166666665
5.324509845294118,-0.5065140605882352,3.941618120588235
5.908063375000001,-0.9982577296153846,2.0234539600000003
4.28964718,0.29613076666666666,3.4297833049999995
4.851773063333334,-1.8538621258333332,3.8181160291666667
4.843227296216216,-1.5088792527027024,3.827070107297297
5.372230248636365,-1.6091725713636362,1.4405360277272725
4.874024532432434,-1.0047620167567566,3.846816494324325
0.6354400476923078,6.665738583846154,0.5516183230769232
1.5394695842857142,-7.9178200457142855,0.5979287457142857
1.2413326297894742,-3.9962020169473687,2.485868880210526
1.2055694764285718,1.371001788571429,2.907922554693878
4.887484587894737,-0.5026808144736841,3.8639256578947374
0.7077317912500003,5.018419596249998,0.4325622384274193
1.2420781525000002,-3.4992444290624998,2.487275541145834
-0.70331219,9.966915512400002,2.5315455632000003
4.901565355882353,-0.018585828529411787,3.8804626888235303
0.6855985396610168,24.901716976101696,0.9042076342372881
1.1682865133783786,-7.350283642432433,1.3969451175675678
1.53267291,-3.43364298375,1.49970272125
0.625080771775701,4.958144602429906,1.4022768312149525
-0.9687266586761225,-0.9573133775177308,1.0109459403073282
0.17245683448275861,-1.9983487993103446,2.3641703746551728
-0.8834932924444443,2.8582085239999993,1.9216777875555557
3.781088034166667,0.29162001249999997,3.503399968333333
0.524991209514349,1.5678792837527604,0.9496160719867549
1.3869324504109588,-0.011163374246575338,2.880619493493151
0.3590984318604651,-9.041739752403098,1.427737854031008
0.48861609403409106,5.112450616136362,0.9517148289204539
13.167460442307693,-0.5424379561538462,4.027481391538461
0.5286800793750001,11.31561142375,0.9612150175
-1.13028288,-43.08274078,-0.72581595
0.6936502533663367,4.0376386196039595,0.9279645750495052
10.735940742,-0.613272548,5.272938824
4.40261936,-1.77157211,3.73411059
-0.4759624,-43.21886826,-0.32601535
0.43511849583333334,21.988226731666668,2.5232698908333333
-0.5696937980952382,8.416834604285715,0.06122844714285713
0.7087889958620688,2.4774564675862054,0.012201110470219422
4.317310684736841,-1.501385704473684,3.737517632105263
4.335981917750002,-1.0075284677499998,3.753787118750001
4.353488003658537,-0.506076342682927,3.7708996502439023
0.0014901810070268005,-0.0022809649850065268,0.14836966752360886
-0.75134735,18.282642365,2.6003199825000003
0.2574058818181818,24.957416476969694,2.9416391187878785
0.5253359043750001,1.7781159318750002,0.9411210353124998
0.16183562,32.067155837499996,2.8218740233333333
-0.3367048415909091,4.439814317954546,-0.1654627897727272
-0.6396287610526317,-13.927807356842104,-0.5675398610526315
-0.2969641780434782,24.946464745434785,0.9320528106521738
0.5050007641176472,-7.314354705529414,0.9598546107058818
0.5177859130000001,14.829358435,1.4516689184999998
3.305392681052632,0.2896630615789474,3.492058941052631
-0.363932805,24.729727744999998,0.039810849999999995
-0.6606944983870966,-4.4979847703225815,-0.4916048370967743
-0.6023853310714287,-12.021230560714285,-0.5628743560714285
-0.18827136478260878,-43.37784753289855,-0.540003502753623
5.899649741355933,-1.9967293401694912,3.8926963606779657
1.4622460972727274,-2.819649159090909,1.4275605765454549
-0.5969913587500001,-14.345687945000002,-0.5863541145833333
0.5235921653571428,5.142772649374997,0.49577775508928573
0.42971506649214686,-9.045338755549743,0.9343364650261777
0.5683389386666666,4.0472077686666665,1.7347529246666669
4.000796795,-1.28068823,3.6970799
3.720980376400001,-1.021732063,3.6504430960000014
0.18376342513513516,-0.9637050345045048,2.3121751144144143
-0.660223253051471,2.8840762489338236,0.4735477978308823
3.93701422,0.26835157000000004,3.7191558474999997
-0.42151844999999993,11.129719353999999,-0.079715004
-0.6922034768750001,45.445578336249994,3.4016371368749994
-0.5156173016564416,0.9777309404294474,-0.3124295810429449
-0.6313516150666666,-4.0074548120000015,-0.47275689573333335
-0.6524463549999999,-8.50573063,-0.35362448
-0.9000883652173914,-6.99549596130435,1.4398000352173914
1.577768172857143,-5.071045194285714,1.8713316221428575
0.2603302066666667,9.840778986666669,2.6984003400000005
1.5372482182352938,-6.109506466470589,0.5164230664705882
3.709928938837209,-0.507633344883721,3.668241872325582
3.9449935094186044,-0.5033938579069765,0.4144549612790696
-0.22464833569444442,6.881488879722223,2.44952880625
-0.8568028132258064,7.961938288387098,1.926586005806451
0.20875069666666668,9.663585343333335,2.7033062799999996
3.642992278695652,-0.017386957391304345,3.6717971821739126
3.91853342744186,-0.005950184999999993,0.41316353011627904
-0.20109568071428569,6.652269498928573,2.534094291071429
3.0416565550000003,0.3302543075,3.0566479575
0.7917767491987671,1.4436430224653318,1.4192273027734978
-0.6047974039999999,-7.009974796,-0.38663184666666667
1.3702477088970584,-5.448884420588234,1.919489081470588
-0.5356341388850174,-1.4890519232055746,-0.36675185560975604
-0.6691871432830194,2.4759619886792477,0.4714586045471697
0.6308791542000001,4.4675004674,1.4303305032000002
-1.1540305114583334,-4.0075463225000005,2.755581289583333
-0.1905553803508772,-4.505872613421051,-0.41097793412280703
1.59218895,-3.24275255,1.75503623
-0.8597380349999999,6.524782519166666,1.8361148033333332
0.3331388897142857,-6.50460855057143,2.935548066857143
0.46325346806451606,3.4814927267741935,-0.055233048387096785
1.4323676271929828,-0.6798273794736841,1.9328315908771934
6.062279225999999,-1.47236383,3.738570022
1.579012776,-0.6853236560000001,1.9335108040000002
0.8338423142391306,-3.9970655852173933,2.5167297070652173
-0.2373626369318182,2.463233671420456,2.5564658855681803
0.028099040000000002,-11.443557261666667,1.9045060666666664
1.4281399288421053,-3.464682930421053,2.0615391894736836
3.262327822112677,-1.0000932026760563,3.582234473098591
0.5343098633333333,11.239186606666665,0.8541427433333334
-0.44927439,5.268067595,-0.151790165
0.3513792775,-11.536806820000002,1.3610600525
-0.6841245906309151,0.9855557233438494,2.9657850413880142
0.63361174,14.69513702,0.93469894
1.4279204198780489,-4.930198384390244,2.0321937368292677
-0.6047734978571428,25.015661785000002,2.5722985442857143
1.4694724875,-5.46539783490741,1.453344639166667
-0.1860594395238095,-8.571567853095237,2.3203289333333323
-2.5554278732558138,-1.5918000848837208,2.6014124790697672
1.586884214,-5.293748379999999,1.9014050259999997
4.3366854660000005,0.26819619799999994,3.771948002
1.3813775138297875,-1.9970080616170205,1.9130714565957436
1.3840876332638892,-1.4995144934374993,1.9139215934722218
1.2547593240331494,1.3863844087845305,2.4240228445303877
-0.5474595590789472,-3.0072530848684202,-0.4289073256578945
-0.4906598404166665,-7.934941122916668,-0.4600320808333334
-0.66983306,-22.78796196,-0.4931058
0.3856188957142857,-11.661242839714282,0.8970472008571431
1.37038433625,-7.052766025625001,1.8561173818750003
-0.5899099871428571,-25.102915354285717,-0.9863541528571428
-0.7586293137500001,-8.59854471625,2.5678297000000003
0.32057883200000004,-43.168732454,0.043899416
1.571081437,-4.6291082370000005,2.055807101
0.5367150514285713,7.670366320714286,1.0513156564285713
-0.18198150726443763,-2.495398356838906,-0.35603648337386035
-0.73966014,-43.24876785,-1.2754519
0.40693156083333326,-15.2686173125,0.8271298816666666
0.42523506,-7.11235332,1.13086081
-0.6844534937704918,-43.37470720639345,-0.5568933542622951
1.4466828849295774,-3.989326866338027,2.1344198716901412
1.2124456133333332,1.3843233966666666,3.198668956666667
2.9356408099999998,-1.2714408050000001,3.510959385
-0.728005288,-11.701808166000003,1.8964356900000001
1.5367699651785713,0.2169716971428571,1.049131940535714
0.09310830782608696,5.0030468447826095,2.8254181508695653
2.878055243999999,-0.9978115384,3.517898883399999
2.8896060692156866,-0.5029951082352939,3.5338203164705884
2.8305758313924034,-0.0093534653164557,3.537368294556961
-1.6239126546153848,-1.3573301038461538,2.7231045869230774
1.4233919622222222,-4.519903934074075,2.130690667222222
-0.29706155,3.1733526399999996,-0.16541357666666667
0.5517469433333334,18.486823403333332,1.0998888000000002
0.69206715,17.18860626,0.99840605
-0.34007917977777785,3.514274258000001,-0.1955208033333333
1.389591208930041,-0.5325263570370368,2.5018329425102874
1.6283589754545458,-0.10957080863636363,2.446878466818182
0.617187065882353,18.47282690117647,1.3507647088235295
0.17334839999999999,7.940301181666666,2.5832503633333332
-0.17246123554858944,1.9651405423824437,-0.23079370786833853
1.2373716593103443,-9.12613895034483,2.1358051634482758
1.2453480234782608,-1.529222350869565,2.771994421449275
-0.5763602157322936,0.9572685738655462,-0.08284354161464592
0.08776865,45.01275635,1.076917945
-1.0113839636842104,-6.502736341578946,2.7210177863157896
-0.5878671625,-24.299490928750004,-0.62561450125
1.2107358754255313,-4.949492008297874,2.433294755425532
1.2287111374509805,-9.08589350019608,2.335171941764706
1.2969625671559633,-1.493814944266055,2.423731890458716
1.78187275,-0.77782643,2.72282076
1.8323559765217394,-0.4692603226086959,2.892896640434783
0.14552870666666665,-43.14451217333334,0.99210332
0.7977176884168863,1.4343530456992086,1.9194102770448558
-0.6418468851666668,5.540116063333334,2.4014563961666666
0.5915653554166665,7.5955119925000005,1.3558645441666668
0.63819402,17.12002754,1.22096145
0.19627710850000002,7.5000711905,2.5026352639999994
-0.17966440951028442,1.4833447031635634,-0.2508100811851124
-0.1962943058546512,0.9640439172325584,-0.2525842705465112
-0.6354992844,-19.142350540399995,-0.9320913207999999
1.2831595148989898,-2.013617691818182,2.4407565277777787
1.198284147727273,-8.493781999545455,2.4320941945454546
1.2801001827112688,-1.0042720620070422,2.44091104366197
-0.3497461845312502,-0.6957834989843752,-0.32222260429687494
-0.33407015904676257,-1.0095466508273374,-0.3341167513489207
-0.63297284,-24.2568264,-0.73712617
1.2282645280769233,-8.001840223846152,2.388204262307693
1.2287029568965517,-7.006412489999997,2.420045573103448
0.9583524447619047,-5.474860374285714,1.8745012738095237
0.08365389499999999,-43.389760015,0.9105743175000001
-0.9154907600000002,3.4225883300000004,2.729171019230769
0.537029,14.823894020000001,1.172047015
0.32107074422222215,-3.9939159659999985,2.9994439626666667
-0.20037552694690264,-2.004455649734511,-0.34425700314159297
-0.42504681999999994,-7.936990420833333,-0.5010602141666667
-0.637642346,-22.680990217999998,-0.9461579560000001
-0.1994976207407408,32.18741522925926,0.9026025662962964
0.14802503266666672,-7.472396660666666,2.0403125926666665
0.09788682800000001,-3.842014218,2.1998515139999997
-0.635102505,-29.947138308333333,-1.0561565641666666
0.48787922499999997,7.8199069475,1.3904029425
4.177601060363637,-0.01152473309090909,0.6414774834545456
6.56049395,-2.00789928,0.78492802
0.5642709061111111,2.1390175555555557,1.2162401016666669
4.788361360000001,0.32216205000000003,2.4508838660000003
0.09698549,14.30514812,2.73079395
0.5154422087755103,7.625225952857142,1.440596198979592
0.5311390879999999,9.955645625999999,1.303860872
1.254919045294118,-6.011882847647057,2.447042109803921
0.53160578,9.97016239,1.16739213
0.49763129848484855,11.27826265848485,1.4425426039393943
-1.5381928869014085,-5.480788022676057,2.476859317746479
0.5336621175,18.491267205,1.35138370125
0.4491660622222223,24.94093789027778,1.438722875833334
1.197843688169934,-7.3738109925490205,0.9244021146405228
1.212789883243243,-6.4505453624324325,2.4851390737837833
0.9580450929411763,-2.8424730858823533,1.9659310576470588
-0.57154888,9.479430870588235,0.08725676
0.47393273173333317,1.5262073825866664,1.4317726390133323
0.5167899078151262,2.072266163949579,1.4524174152941178
0.2889015696031747,-9.119928397936505,1.9583877853968257
1.3842861085823757,0.0015274681226053646,2.506359360766282
0.45448045686486493,5.083825461783786,1.4333608772972968
-0.63354164,-14.25143909,-0.84184396
-0.53406942,-32.17713165,-0.74218988
0.5264899440123455,2.4714109085802463,1.4643229714814816
0.5297096057142856,2.971002599238095,1.494875312857143
0.6126068639285714,9.956968001428569,0.8846113228571426
-0.5759753479999999,-14.33186035,-0.853329516
-0.08878462,45.319941203333336,1.179587921111111
10.730529512857142,-0.9245840228571429,5.269727504285714
0.7860463501176471,1.4079035931372543,2.4455915835294113
1.2375662470833333,-2.4878789487499997,2.7674973008333335
1.2229126501785712,-1.9461983487500005,2.7573382430357145
0.5353357933333333,3.3754524975757576,1.5104959087878786
-0.7811504292105264,7.472952867894736,2.433034093421052
0.5342048414285715,11.23702607857143,1.5455290428571427
-0.7120164584615385,12.445077162307694,2.5963593076923077
0.6671867798091605,4.980598315305342,0.90870170870229
1.2179111975,-3.488277151875,2.729371609375
1.2215972933333332,-3.1730565216666666,2.7381371666666667
-1.0155117892857142,-1.49459444122449,2.8538707083673476
-0.7081091564383564,-5.42540388890411,-0.4228768978082194
0.8432955140000002,-7.5048975695,2.40685697175
-0.04483926142857143,5.835602452857143,2.502596667857143
0.8210211344897962,-7.010905606530612,2.4430347661224494
0.835226543653846,-6.477106305769228,2.440785035769231
0.8411140132075475,-5.994949035283018,2.459369052075472
0.8396282721311477,-5.516008157377049,2.4708570024590166
0.733922548,0.6080851789999999,3.1953544860000003
0.52370316,22.06330681,1.75909615
0.09957484999999999,-43.38438988,1.194083035
0.8218215890259741,-0.5049860302922083,2.610566889318183
-0.85247061,18.213938714999998,2.70633435
0.8295705466666667,-0.018970938250000003,2.6163760009722234
-0.13758724612903217,-0.9843777895084485,-0.28300426718893995
3.3386124839393934,-0.4983088963636364,0.24971125606060604
0.8356334447368424,-3.5063266374561395,2.5365129352631586
0.6156394521874999,14.816063284999998,1.391750879375
0.8404461066911761,-2.998587697352942,2.548661300294116
-0.22366463565217387,-11.974961157391306,1.9719787569565217
3.303642941612903,0.3604691319354838,1.452983087419355
0.8421824785365855,-2.495431532317074,2.5588482895121945
0.8447522295979897,-1.9987923776381915,2.5731692791959806
0.817282239756944,0.47435400250000026,2.637999463506946
1.4951760261904763,0.21252470738095233,1.4328574647619052
0.2591879698214285,4.994320890535714,2.432121094285713
0.5805742031818182,4.9215509022727275,1.8207362790909094
-0.72528258525,8.0077412005,2.4548235592499994
0.15450752833333334,9.44089492,2.6710384700000005
0.53072661,10.24831772,1.5522598
-0.7567220142857142,-10.384775502142858,1.910191842857143
0.6851054179674791,0.005753184227642273,3.1325254009756094
0.743912982086331,0.49451701215827343,3.0498264643165474
1.4546746549999996,0.11978039403508772,2.0151363321929825
0.3896378197979794,5.043063587525253,1.9719494096464645
0.56234604,7.61223269,1.69506073
0.5773039449999999,11.23236847,1.841681
0.5721696833333333,11.25117588,1.7935679366666666
9.975142614285716,-0.5755295728571428,5.174804755714286
0.6630247871111112,-4.517727364222222,3.036681503555555
0.45230620199999994,11.257249451000002,1.889299894
0.471095534117647,24.912707272352947,1.8931090970588238
-0.62345618,-37.14938736,-1.42337203
0.4619830553448274,7.592808032586207,1.9557105486206903
-0.86938524,7.65662551,1.814172985
1.5776614417985615,1.0881076788489208,0.8077110471223019
3.413500180769231,-0.9698154442307694,0.24851494576923078
0.48587021193548396,11.225019362580646,1.9756316396774192
1.2072396483333334,-4.895736403333333,-0.18435551777777773
0.49214986964285706,14.808698755714284,1.9523682507142854
0.1615509837209302,-4.019062276046511,2.157400990465116
-0.308148175,32.1930637375,1.35477984
0.35842031076923075,-7.284485413846155,2.6277372115384616
-0.22369669,25.027519989,2.5543849950000004
1.2641871630707078,-0.5096282519393937,-0.05625178783838386
0.43680293,3.4360832002777775,1.989592787638889
4.335981671818182,0.3346167263636363,1.9262921818181822
0.37205818333333335,-7.13090277,1.3597649333333333
-1.0041028383333332,0.4901730311111112,2.4529258786666666
0.32590700955882346,-4.502556127205882,2.9956044035294105
0.42511657,7.74712944,1.80583978
0.57579601,14.80714226,2.3465395
-0.03090046,12.0262179375,2.69846475
-0.17302997055555558,-12.992278364444447,1.9428933855555555
0.3864978916393443,-9.08628879590164,2.377066940655738
-1.0215987361,-1.4964608939999993,2.4383102389999993
-0.7675681362750713,-5.441128509111751,-0.05490934581661889
0.662306735,-7.376058686818182,2.9201968904545454
-0.17296136753623184,-6.019746365942029,2.866248801014493
0.6647392326666669,-5.996343612666666,3.0053832456666667
0.6647016861016949,-3.5194685176271188,3.0636475657627114
0.578886666,14.804349135999999,1.80790291
0.6700292114285711,-2.995542725357143,3.0395789823809514
0.6657930708988764,-2.4916897571910126,3.0573527224719106
0.029950083333333332,-43.20323562666667,0.17467033333333334
0.6734952732110093,-2.005069272660551,3.075101685963303
-0.10465787391304346,-43.42899057195652,0.9537194367391307
0.6659639818333335,-1.4989002012500003,3.0685918869999993
1.5826169182035938,1.364118223473054,0.8378618565269462
0.56887233,21.98724365,2.54479074
0.40114947947368423,-8.570198460526317,2.3324707689473683
-0.05694889950177939,-1.4565164439501779,-0.2966499893950177
0.362905385815603,0.9006131160283688,3.0278092357446806
5.849142233333333,0.3156975866666667,2.9937340433333333
0.6762399736231882,-1.0069131449275357,3.0450157701449285
0.25852496334328334,1.0146218071940305,2.538828209253731
0.3515457775,-7.391126314166666,2.857245452500001
-0.08885290782608696,25.012895086956522,2.881323909130436
0.249143218125,6.506993950312502,2.4515405534375003
1.4595707405582525,-1.4974039331067948,1.4217182684708745
0.35092927956521747,-8.522449120434784,2.891816263043478
0.3646608517948718,-4.998644804358973,2.978496277179487
1.253062836413043,-7.354993361521741,0.0006291563043478477
-0.23715167250000005,-7.286165935714285,2.577002601428571
0.0007414214285714274,-21.047357014285712,1.7727633542857144
4.294215608888889,0.3247047462962963,0.9223085574074074
0.5572987077777776,-0.8236660433333333,-0.17321067666666667
0.2885886707692308,-7.243172463076923,2.637309073846154
-0.21997940411764705,-43.33197178647059,-1.9613415417647062
0.15716366826086958,-4.4058792904347825,2.1501078082608696
0.35199638258064525,-6.011840928387098,2.9553896158064523
0.3184413457843136,-3.509050902058823,2.9995249417647063
-0.5984385386774201,2.4817841944516137,0.01678579019354837
0.7202314715384616,4.490934583076923,0.9320342403846157
0.3202799971223021,-2.499347010935253,3.0334388800719427
0.32098269073619606,-2.003771405214724,3.048762039018407
0.3219944611111111,-1.5147901874444447,3.0653614255000003
0.3202415979096045,-1.0043105496610167,3.08236077016949
-0.6332816414285715,11.997017452142858,2.601468510714285
0.31737574943965496,-0.01066079857758621,3.057787254870689
0.24493993543689324,2.982761640388348,2.33825705368932
-0.6031732271428571,32.05974197285714,2.8943551100000002
-0.18497945670886076,0.48548051981012696,3.0360937100949363
0.24958914436781615,3.479194331494254,2.3402817193103442
-0.77563101,18.26391792,2.73906422
12.96682549,-1.26072347,5.03145409
0.216121315,25.03065882888889,2.5281418033333334
-1.12555516,4.70491719,1.90958148
0.22697445636363636,-15.201181150909091,1.9543338799999999
0.22479359291666667,9.934602815833333,2.6222032608333334
1.541314065,-7.0784180150000005,0.16131524
0.18351619083333334,17.043229738333334,2.868366718333333
0.19738777562499998,8.497796835,2.6361034825000007
0.26742647999999997,17.96021525,2.744131086666666
0.21914297444444444,20.639004176666663,2.882858223333333
-0.02517513,-43.16661453,-0.31496024
0.204940855,-15.291905400000001,2.029548765
4.2961523207142855,0.3470492792857143,1.418444505
0.14923704764705883,-7.000618178235293,2.0576218305882352
-0.7159110103773582,6.545745849245282,0.9384033835849057
0.14266075454545454,-6.6527923240909095,2.115596174545455
0.17313632690476194,-3.51907444547619,2.1694871757142855
0.1379645423076923,-3.5474014276923076,2.223357476153846
-0.16027837909090908,9.976947349545453,2.6273047163636365
-0.39656190625,24.915785312500002,1.2608384925
0.46560029706521755,-7.33034035978261,1.4170251914130432
0.19138659282051274,-0.5037455135897435,2.346792398141026
0.17101250591666664,0.0002444639166666605,2.329636528166667
0.7117917466896553,-0.509485202896552,3.056059299724138
0.1853407048387096,0.46180231491935475,2.388506744919355
0.12663241666666666,-11.302891411666666,1.8874922000000003
-0.6152060876190477,-8.969395864999997,-0.4687352019047618
0.14103404421052632,-5.452830214736841,2.237273517368421
0.14617148000000002,-5.061558272105263,2.2551258121052635
0.15796157153846152,-3.1508077292307695,2.1810473292307693
0.10237370666666668,-21.106974283333333,1.75399359
0.8234726400000003,4.517254785200001,0.4398257944
0.16973327687499995,-2.466473921875,2.320670242291666
0.09018169,-21.123247781666667,1.5704247566666665
0.11268815666666666,-7.948882101666666,2.0209268333333337
0.10068712,12.06363583,2.71894932
-0.15599458444444445,8.969303978518518,2.5996972370370375
-0.7846181534545454,6.557150250545453,1.430739615636364
0.6093041509090908,8.476344108181818,0.43145432363636366
0.10770120307692309,-6.4894383861538465,2.224423003846154
0.18650769818181814,8.996697513636365,2.6545237190909092
0.1280007083333333,-5.962764620833333,2.2268939808333332
0.14400783,17.25776386,2.7449619800000002
1.3896992494927536,-0.5586280450724637,2.8705539357971013
0.1070319396969697,3.4680837572727268,2.9778242251515152
0.06018816,-31.68546677,1.07089472
-0.7817553665,-8.0284616935,1.3996287694999998
-0.21961480634146344,-9.132143369512194,1.6392587048780491
1.6162055299999998,-7.018585259999999,0.3995459055769231
0.05710120666666666,-7.8956329033333335,2.0478281966666665
-0.7486897313888886,-19.159010463333335,-0.06523918402777779
0.05752127,-6.68575382,2.11016846
-0.6249822108333335,8.98517306638889,0.427154443611111
1.634853787746481,1.3869090178309864,0.43614302140845057
-0.052947749999999995,7.480848838947368,2.570984916842106
0.09988745,11.69553375,2.69593692
-0.19518729472222224,8.473172876666668,2.5800082547222214
-0.16484899611111115,10.956896040555554,2.653714922222222
0.047897675,11.59185791,2.70168638
-0.03785868625,12.489387511249998,2.7154717749999997
-0.9755117599999998,-6.012036880555555,1.9100024172222225
-0.21321562,12.51869474142857,2.6615352285714287
-0.028684443999999996,24.917832183999998,3.3059984219999996
0.3003521371428572,24.895080838571428,3.2422221728571428
-0.19697768481481484,-13.917963557407408,1.886180149259259
-0.1803310754945055,-9.03092549857143,2.464143965054945
1.524983569879518,-5.507924608313252,0.9647488104819274
-0.21837081,-8.499414441999999,2.174379158
-0.12449463749999999,-8.984343288749999,2.7536576700000004
-0.6992928449999999,24.970323562500003,2.9109878609375004
0.11765134707317072,2.379999719756098,2.901386539756098
-0.19324536578947368,-8.520456113684212,2.770754338421053
0.03701565,-8.06753254,2.76999664
-0.72383338,9.70255375,1.41947627
0.3576421523809524,1.449616068095238,2.7392820638095237
0.010758792000000003,-21.096447756,1.580890464
-0.1758481797826087,-7.401392521956523,2.803153602608695
-0.47803676,23.30033112,2.92005825
0.4378725972499998,2.9820748487500013,1.966511171749999
-0.1773209178723404,-7.008316851914893,2.843739641276596
-0.19222979607843144,-4.498628125588236,2.901695908627449
-0.19731675159999998,-3.4991314728666656,2.9315458725333325
-0.7563927766666666,-29.948623656666665,-0.2552220433333333
-0.1958947600578034,-2.9995839956647408,2.945227997919075
-0.20609535002793297,-0.5060419823743019,3.008569587458099
0.26287497632653056,3.944635474693877,2.355214337346939
-0.19949914529069782,0.8835642257558141,3.025735464011629
-0.17619761430463565,1.0384594431788077,2.510498030231786
